域名,是否使用Cloudflare,HTTP状态码,备注信息
google.com,否,200,正常
gtld-servers.net,未知,无,请求失败
cloudflare.com,是,200,正常
gstatic.com,否,404,正常
facebook.com,否,400,正常
microsoft.com,否,200,正常
googleapis.com,否,404,正常
youtube.com,否,200,正常
amazonaws.com,否,200,正常
apple.com,否,200,正常
mail.ru,否,200,正常
instagram.com,否,200,正常
akamai.net,未知,无,请求失败
fbcdn.net,否,400,正常
twitter.com,是,200,正常
dzen.ru,否,200,正常
linkedin.com,是,200,正常
live.com,否,200,正常
googletagmanager.com,否,404,正常
googlevideo.com,未知,无,请求失败
office.com,否,200,正常
akamaiedge.net,未知,无,请求失败
akadns.net,未知,无,请求失败
amazon.com,否,200,正常
azure.com,否,200,正常
googleusercontent.com,否,404,正常
wikipedia.org,否,200,正常
domaincontrol.com,未知,无,请求失败
github.com,否,200,正常
ezviz7.com,未知,无,请求失败
doubleclick.net,否,200,正常
bing.com,否,200,正常
microsoftonline.com,未知,无,请求失败
fastly.net,否,200,正常
appsflyersdk.com,否,403,正常
whatsapp.net,否,400,正常
trafficmanager.net,未知,无,请求失败
apple-dns.net,未知,无,请求失败
office.net,未知,无,请求失败
netflix.com,否,200,正常
digicert.com,否,200,正常
wordpress.org,否,200,正常
aaplimg.com,未知,无,请求失败
skype.com,否,200,正常
sharepoint.com,否,200,正常
youtu.be,否,200,正常
ripn.net,未知,无,请求失败
pinterest.com,否,200,正常
whatsapp.com,否,400,正常
gandi.net,否,200,正常
goo.gl,否,400,正常
cloudfront.net,未知,无,请求失败
googlesyndication.com,否,200,正常
yahoo.com,否,200,正常
x.com,是,200,正常
cloud.microsoft,否,200,正常
hicloudcam.com,未知,无,请求失败
tiktok.com,否,200,正常
icloud.com,否,200,正常
msn.com,否,200,正常
spotify.com,否,200,正常
windowsupdate.com,未知,无,请求失败
gvt1.com,未知,无,请求失败
adobe.com,未知,无,请求失败
vimeo.com,是,200,正常
cloudflare.net,是,403,正常
ntp.org,否,200,正常
chatgpt.com,是,200,正常
googledomains.com,否,200,正常
windows.net,未知,无,请求失败
telekom.de,否,403,正常
wa.me,否,400,正常
akam.net,未知,无,请求失败
tiktokcdn.com,未知,无,请求失败
myfritz.net,否,200,正常
gvt2.com,未知,无,请求失败
zoom.us,是,200,正常
roblox.com,否,200,正常
tiktokv.com,否,404,正常
ytimg.com,未知,无,请求失败
qq.com,否,200,正常
pv-cdn.net,未知,无,请求失败
cloudflare-dns.com,是,200,正常
yandex.net,否,200,正常
baidu.com,否,200,正常
nginx.org,否,200,正常
workers.dev,是,200,正常
edgekey.net,未知,无,请求失败
mozilla.org,否,200,正常
opera.com,否,200,正常
nic.ru,否,200,正常
windows.com,否,200,正常
yandex.ru,否,200,正常
samsung.com,否,200,正常
sentry.io,否,200,正常
google-analytics.com,否,200,正常
nginx.com,否,200,正常
edgesuite.net,未知,无,请求失败
wordpress.com,否,200,正常
office365.com,否,200,正常
bit.ly,否,200,正常
ui.com,否,200,正常
okcdn.ru,否,403,正常
cdninstagram.com,未知,无,请求失败
root-servers.net,未知,无,请求失败
reddit.com,否,403,正常
discord.gg,是,200,正常
criteo.com,否,403,正常
a2z.com,未知,无,请求失败
googleadservices.com,否,404,正常
trbcdn.net,未知,无,请求失败
t.me,否,200,正常
blogspot.com,否,200,正常
europa.eu,否,200,正常
vedcdnlb.com,未知,无,请求失败
keenetic.io,未知,无,请求失败
vk.com,否,200,正常
f5.com,否,200,正常
b-cdn.net,否,200,正常
epicgames.com,是,403,正常
mailinabox.email,否,200,正常
unity3d.com,否,200,正常
amazon-adsystem.com,否,404,正常
snapchat.com,否,200,正常
app-measurement.com,否,404,正常
github.io,否,200,正常
apache.org,否,200,正常
intuit.com,否,200,正常
amazonvideo.com,否,200,正常
cdn77.org,未知,无,请求失败
prodregistryv2.org,否,404,正常
nih.gov,否,200,正常
msftncsi.com,未知,无,请求失败
kaspersky.com,否,200,正常
dns.google,否,200,正常
amazon.dev,未知,无,请求失败
outlook.com,否,200,正常
gravatar.com,否,200,正常
dropbox.com,否,200,正常
app-analytics-services.com,否,404,正常
registrar-servers.com,未知,无,请求失败
iiko.it,未知,无,请求失败
xiaomi.com,否,200,正常
forms.gle,否,400,正常
reg.ru,否,200,正常
archive.org,否,200,正常
yccdn.ru,未知,无,请求失败
msftconnecttest.com,未知,无,请求失败
godaddy.com,否,403,正常
steamserver.net,未知,无,请求失败
spo-msedge.net,未知,无,请求失败
tumblr.com,否,200,正常
nytimes.com,否,200,正常
vkuserphoto.ru,否,418,正常
paypal.com,否,200,正常
one.one,否,200,正常
azurefd.net,未知,无,请求失败
ax-msedge.net,未知,无,请求失败
miit.gov.cn,未知,无,请求失败
dnsowl.com,未知,无,请求失败
applovin.com,否,200,正常
nflxso.net,未知,无,请求失败
shopify.com,是,200,正常
3gppnetwork.org,未知,无,请求失败
aliyuncs.com,否,404,正常
discord.com,是,200,正常
ggpht.com,未知,无,请求失败
bytefcdn-oversea.com,未知,无,请求失败
webex.com,否,403,正常
adobe.io,否,200,正常
akamaitech.net,未知,无,请求失败
macromedia.com,未知,无,请求失败
cdn-apple.com,未知,无,请求失败
azurewebsites.net,未知,无,请求失败
flickr.com,否,200,正常
wac-msedge.net,未知,无,请求失败
userapi.com,否,200,正常
example.com,是,200,正常
soundcloud.com,否,200,正常
adtrafficquality.google,否,200,正常
medium.com,是,200,正常
w3.org,是,403,正常
rubiconproject.com,是,403,正常
taboola.com,否,200,正常
cnn.com,否,200,正常
aws.dev,未知,无,请求失败
theguardian.com,否,200,正常
vungle.com,是,403,正常
nominetdns.uk,未知,无,请求失败
ttdns2.com,未知,无,请求失败
static.microsoft,未知,无,请求失败
avast.com,否,200,正常
fastly-edge.com,未知,无,请求失败
oracle.com,否,403,正常
msedge.net,未知,无,请求失败
creativecommons.org,是,200,正常
forbes.com,否,200,正常
ebay.com,未知,无,请求失败
ozon.ru,否,403,正常
shifen.com,未知,无,请求失败
pubmatic.com,否,200,正常
dns-parking.com,未知,无,请求失败
sfx.ms,未知,无,请求失败
jomodns.com,未知,无,请求失败
ipv4only.arpa,未知,无,请求失败
bbc.com,否,200,正常
tm-azurefd.net,未知,无,请求失败
cpanel.net,是,200,正常
weather.com,否,200,正常
adnxs.com,否,404,正常
t.co,是,200,正常
spov-msedge.net,未知,无,请求失败
twitch.tv,否,200,正常
roku.com,是,200,正常
sciencedirect.com,是,400,正常
researchgate.net,是,403,正常
youtube-nocookie.com,未知,无,请求失败
gmail.com,否,200,正常
bbc.co.uk,否,200,正常
azureedge.net,未知,无,请求失败
pki.goog,否,200,正常
oxylabs.io,是,200,正常
vecdnlb.com,未知,无,请求失败
mit.edu,否,200,正常
hichina.com,未知,无,请求失败
akamaized.net,未知,无,请求失败
sourceforge.net,是,403,正常
adsafeprotected.com,否,200,正常
canva.com,是,200,正常
ubuntu.com,否,200,正常
android.com,否,200,正常
doi.org,否,200,正常
t-online.de,否,200,正常
meraki.com,否,200,正常
scorecardresearch.com,否,200,正常
nist.gov,是,200,正常
shopifysvc.com,未知,无,请求失败
nic.direct,未知,无,请求失败
cdngslb.com,未知,无,请求失败
miui.com,否,200,正常
imdb.com,否,202,正常
doubleverify.com,是,200,正常
tiktokcdn-us.com,未知,无,请求失败
comcast.net,未知,无,请求失败
stripe.com,否,200,正常
wsdvs.com,未知,无,请求失败
casalemedia.com,否,200,正常
ksyuncdn.com,未知,无,请求失败
telegram.org,否,200,正常
who.int,是,200,正常
cisco.com,否,200,正常
hubspot.com,是,200,正常
linktr.ee,是,200,正常
adsrvr.org,否,200,正常
wixsite.com,未知,无,请求失败
openai.com,是,200,正常
gwfb.net,未知,无,请求失败
playstation.net,未知,无,请求失败
dropcatch.com,是,200,正常
libp2p.direct,未知,无,请求失败
forter.com,是,403,正常
booking.com,否,202,正常
alibabadns.com,未知,无,请求失败
omtrdc.net,未知,无,请求失败
lencr.org,否,200,正常
launchpad.net,否,200,正常
telekom.net,否,200,正常
wikimedia.org,否,200,正常
mts.ru,否,200,正常
hp.com,否,200,正常
mangosip.ru,未知,无,请求失败
springer.com,否,200,正常
ttvnw.net,未知,无,请求失败
salesforce.com,否,200,正常
mzstatic.com,否,200,正常
heytapmobile.com,未知,无,请求失败
autodesk.com,否,200,正常
inmobi.com,否,200,正常
tinyurl.com,是,200,正常
ampproject.org,否,200,正常
facebook.net,未知,无,请求失败
samsungcloud.com,否,200,正常
smartadserver.com,是,200,正常
jsdelivr.net,未知,无,请求失败
reuters.com,否,401,正常
mozilla.com,否,200,正常
openx.net,否,404,正常
triplinkintl.com,否,200,正常
etsy.com,否,403,正常
ibm.com,否,200,正常
shalltry.com,否,403,正常
duckdns.org,否,200,正常
drom.ru,否,200,正常
www.gov.uk,否,200,正常
wiley.com,是,200,正常
alibaba.com,否,200,正常
ok.ru,否,200,正常
amplitude.com,否,200,正常
dnsmadeeasy.com,否,200,正常
appsflyer.com,是,200,正常
nature.com,否,200,正常
harvard.edu,否,200,正常
samsungqbe.com,未知,无,请求失败
googleblog.com,否,200,正常
3lift.com,否,200,正常
media.net,是,200,正常
steampowered.com,否,200,正常
pages.dev,是,200,正常
byteoversea.net,未知,无,请求失败
mtgglobals.com,未知,无,请求失败
debian.org,否,200,正常
php.net,否,200,正常
media-amazon.com,未知,无,请求失败
nr-data.net,未知,无,请求失败
amazon.co.uk,否,200,正常
launchdarkly.com,否,200,正常
alidns.com,否,200,正常
trueconf.net,未知,无,请求失败
name-services.com,未知,无,请求失败
akamaihd.net,未知,无,请求失败
clarity.ms,未知,无,请求失败
telecid.ru,未知,无,请求失败
aol.com,否,200,正常
vk.ru,否,200,正常
myshopify.com,是,404,正常
weibo.com,否,200,正常
slack.com,否,200,正常
ea.com,否,200,正常
afternic.com,否,200,正常
issuu.com,否,200,正常
douyincdn.com,未知,无,请求失败
gnu.org,否,403,正常
wbx2.com,未知,无,请求失败
crashlytics.com,否,200,正常
checkpoint.com,否,200,正常
weebly.com,是,200,正常
inner-active.mobi,未知,无,请求失败
onelink.me,是,200,正常
cdc.gov,否,200,正常
un.org,否,200,正常
wildberries.ru,否,498,正常
mi.com,否,200,正常
tradingview.com,否,200,正常
vkuser.net,未知,无,请求失败
opendns.com,否,200,正常
trustpilot.com,否,403,正常
allawnos.com,未知,无,请求失败
byteglb.com,未知,无,请求失败
naver.com,否,200,正常
ivi.ru,否,200,正常
wsj.com,否,401,正常
cdnbuild.net,未知,无,请求失败
tbcache.com,未知,无,请求失败
kaspersky-labs.com,未知,无,请求失败
ezvizlife.com,否,200,正常
washingtonpost.com,未知,无,请求失败
aliyun.com,否,200,正常
demdex.net,未知,无,请求失败
bilibili.com,否,200,正常
dell.com,否,403,正常
rocket-cdn.com,未知,无,请求失败
cnbc.com,否,200,正常
selectel.ru,否,200,正常
samsungcloudsolution.com,未知,无,请求失败
google.cn,否,200,正常
capcutapi.com,未知,无,请求失败
dailymail.co.uk,否,200,正常
stanford.edu,否,200,正常
dailymotion.com,否,200,正常
kwai-pro.com,未知,无,请求失败
bloomberg.com,否,403,正常
nvidia.com,否,200,正常
rzone.de,未知,无,请求失败
nasa.gov,否,200,正常
plesk.com,是,200,正常
namebrightdns.com,未知,无,请求失败
temu.com,否,200,正常
tiktokv.us,未知,无,请求失败
tp-link.com,否,200,正常
yahoo.co.jp,否,200,正常
hcaptcha.com,是,200,正常
heytapdl.com,未知,无,请求失败
quickconnect.to,否,200,正常
vivoglobal.com,否,200,正常
yandex.com,否,200,正常
unsplash.com,否,403,正常
virginm.net,未知,无,请求失败
ibyteimg.com,未知,无,请求失败
avsxappcaptiveportal.com,未知,无,请求失败
indeed.com,是,403,正常
calendly.com,是,200,正常
amazon.de,否,200,正常
globo.com,否,200,正常
edgecdn.ru,未知,无,请求失败
moe.video,否,200,正常
arubanetworks.com,未知,无,请求失败
enacdn.net,未知,无,请求失败
kwaipros.com,未知,无,请求失败
xcal.tv,未知,无,请求失败
imcmdb.net,未知,无,请求失败
duckduckgo.com,否,200,正常
adriver.ru,否,200,正常
cookiedatabase.org,是,403,正常
aliyuncsslbintl.com,未知,无,请求失败
adobe.net,未知,无,请求失败
gitlab.com,是,200,正常
zendesk.com,是,200,正常
tiktokcdn-eu.com,未知,无,请求失败
tiktokv.eu,未知,无,请求失败
cloudns.net,否,200,正常
live-video.net,未知,无,请求失败
espn.com,否,202,正常
supercell.com,否,200,正常
businessinsider.com,否,200,正常
telegram.me,否,200,正常
pixabay.com,是,403,正常
ip-api.com,否,200,正常
dual-s-msedge.net,未知,无,请求失败
avcdn.net,未知,无,请求失败
amazonalexa.com,否,200,正常
pangle.io,未知,无,请求失败
sc-gw.com,未知,无,请求失败
ngenix.net,否,503,正常
163.com,否,200,正常
online-metrix.net,未知,无,请求失败
line.me,否,200,正常
browser-intake-datadoghq.com,否,404,正常
steamcommunity.com,否,200,正常
brave.com,否,200,正常
amazontrust.com,否,200,正常
huawei.com,未知,无,请求失败
intel.com,否,403,正常
taobao.com,否,200,正常
go.com,否,200,正常
wp.com,否,200,正常
lsrelayaccess.com,未知,无,请求失败
crpt.ru,否,200,正常
statista.com,否,200,正常
worldnic.com,未知,无,请求失败
awsglobalaccelerator.com,未知,无,请求失败
netangels.ru,否,200,正常
mynetname.net,未知,无,请求失败
netease.com,未知,无,请求失败
speedtest.net,是,200,正常
list-manage.com,未知,无,请求失败
duolingo.com,否,200,正常
mcafee.com,否,403,正常
aliexpress.com,否,200,正常
t-mobile.com,否,200,正常
discord.media,是,520,正常
mikrotik.com,否,200,正常
featureassets.org,否,403,正常
svc.ms,未知,无,请求失败
beian.gov.cn,未知,无,请求失败
quora.com,是,403,正常
myhuaweicloud.com,未知,无,请求失败
eventbrite.com,否,200,正常
gamepass.com,未知,无,请求失败
g.page,否,200,正常
bsky.app,否,200,正常
hostgator.com,是,403,正常
nflximg.com,未知,无,请求失败
awswaf.com,未知,无,请求失败
eye4.cn,未知,无,请求失败
ietf.org,是,200,正常
sohu.com,否,200,正常
goodreads.com,否,200,正常
2mdn.net,未知,无,请求失败
firetvcaptiveportal.com,未知,无,请求失败
kwai.net,未知,无,请求失败
gosuslugi.ru,未知,无,请求失败
scribd.com,否,200,正常
addtoany.com,是,200,正常
mysql.com,否,403,正常
npr.org,否,200,正常
walmart.com,否,200,正常
vkontakte.ru,否,200,正常
name.com,是,200,正常
mediatek.com,是,200,正常
myqcloud.com,未知,无,请求失败
tencent-cloud.net,未知,无,请求失败
sberbank.ru,否,200,正常
nstld.com,未知,无,请求失败
amagi.tv,未知,无,请求失败
pushy.io,否,200,正常
paloaltonetworks.com,否,200,正常
foxnews.com,否,200,正常
exp-tas.com,未知,无,请求失败
t-msedge.net,未知,无,请求失败
nease.net,未知,无,请求失败
giphy.com,否,403,正常
amzn.to,否,200,正常
shein.com,否,200,正常
slideshare.net,否,200,正常
sina.com.cn,否,200,正常
rbxcdn.com,未知,无,请求失败
indiatimes.com,否,200,正常
stackoverflow.com,是,200,正常
adobedtm.com,未知,无,请求失败
amazon.co.jp,否,200,正常
google.de,否,200,正常
behance.net,否,403,正常
substack.com,是,403,正常
nflxvideo.net,未知,无,请求失败
fandom.com,是,403,正常
easebar.com,未知,无,请求失败
gandi-ns.fr,未知,无,请求失败
nbcnews.com,否,200,正常
atlassian.net,否,200,正常
skyhigh.cloud,否,403,正常
okta.com,是,200,正常
beyondwickedmapping.org,否,404,正常
docker.com,否,200,正常
firefox.com,否,200,正常
wired.com,是,200,正常
run.app,否,404,正常
blogger.com,否,200,正常
palmplaystore.com,否,200,正常
elasticbeanstalk.com,未知,无,请求失败
360yield.com,否,200,正常
ft.com,是,200,正常
sc-cdn.net,未知,无,请求失败
jquery.com,是,200,正常
gcdn.co,未知,无,请求失败
icloud-content.com,否,200,正常
dynatrace.com,否,200,正常
cloudflareinsights.com,是,200,正常
vedsalb.com,未知,无,请求失败
uol.com.br,否,200,正常
spaceweb.pro,未知,无,请求失败
uk.com,否,200,正常
deere.com,否,200,正常
time.com,否,200,正常
vidaahub.com,未知,无,请求失败
xhamster.com,是,200,正常
trendmicro.com,否,200,正常
360.cn,否,200,正常
imgsmail.ru,否,200,正常
arxiv.org,否,200,正常
2gis.com,否,200,正常
geobasket.ru,未知,无,请求失败
markmonitor.com,是,403,正常
capcut.com,否,200,正常
patreon.com,是,403,正常
usatoday.com,否,200,正常
deviantart.com,否,403,正常
visualstudio.com,否,200,正常
eset.com,否,200,正常
google.com.hk,否,200,正常
tplinkcloud.com,否,200,正常
rlcdn.com,未知,无,请求失败
grammarly.com,否,200,正常
wix.com,否,200,正常
teamviewer.com,是,200,正常
live.net,未知,无,请求失败
fast.com,否,200,正常
azure-dns.com,未知,无,请求失败
netflix.net,否,200,正常
dnspod.net,未知,无,请求失败
atlassian.com,否,200,正常
tandfonline.com,是,403,正常
tripadvisor.com,否,403,正常
comcast.com,未知,无,请求失败
hotjar.com,否,200,正常
oup.com,是,403,正常
ca.gov,否,200,正常
ya.ru,否,200,正常
telegraph.co.uk,否,200,正常
oraclecloud.com,否,403,正常
my.com,未知,无,请求失败
volcfcdndvs.com,未知,无,请求失败
timeweb.ru,否,200,正常
deepl.com,是,200,正常
msidentity.com,未知,无,请求失败
cdn20.com,未知,无,请求失败
dtkn.ru,未知,无,请求失败
cornell.edu,否,200,正常
surveymonkey.com,否,200,正常
sharethrough.com,是,200,正常
impervadns.net,未知,无,请求失败
yahoodns.net,未知,无,请求失败
hicloud.com,未知,无,请求失败
yieldmo.com,未知,无,请求失败
avito.ru,否,200,正常
expireddomains.com,是,200,正常
rakuten.co.jp,未知,无,请求失败
adobedc.net,未知,无,请求失败
target.com,否,200,正常
bidswitch.net,未知,无,请求失败
berkeley.edu,是,403,正常
googlezip.net,未知,无,请求失败
cdnvideo.ru,否,200,正常
alicdn.com,未知,无,请求失败
a-msedge.net,未知,无,请求失败
apnews.com,是,200,正常
xiaomi.net,未知,无,请求失败
xboxlive.com,未知,无,请求失败
samsungapps.com,未知,无,请求失败
playstation.com,否,200,正常
ieee.org,未知,无,请求失败
aboutads.info,未知,无,请求失败
ipinfo.io,否,200,正常
googletagservices.com,未知,无,请求失败
free.fr,否,200,正常
verisign.com,否,200,正常
digitalocean.com,是,200,正常
onetrust.com,是,200,正常
mdpi.com,否,403,正常
claude.ai,是,403,正常
licdn.com,未知,无,请求失败
jotform.com,否,200,正常
accuweather.com,否,200,正常
britannica.com,是,403,正常
klaviyo.com,是,200,正常
ikea.com,是,200,正常
ozone.ru,未知,无,请求失败
braze.com,是,200,正常
branch.io,是,403,正常
loc.gov,是,200,正常
fontawesome.com,是,200,正常
squarespace.com,否,200,正常
bunnyinfra.net,未知,无,请求失败
redhat.com,否,200,正常
nintendo.com,否,200,正常
qlivecdn.com,未知,无,请求失败
force.com,否,404,正常
stackadapt.com,否,200,正常
wswebcdn.com,未知,无,请求失败
dyndns.org,否,200,正常
cookielaw.org,是,200,正常
typekit.net,未知,无,请求失败
independent.co.uk,否,200,正常
amazon.fr,否,200,正常
cbsnews.com,否,200,正常
intercom.io,否,200,正常
threads.com,否,200,正常
cnet.com,否,200,正常
conviva.com,是,403,正常
viber.com,否,200,正常
nic.network,未知,无,请求失败
outbrain.com,否,200,正常
elpais.com,否,403,正常
sagepub.com,否,200,正常
nike.com,否,200,正常
yelp.com,否,403,正常
ovh.net,否,200,正常
consultant.ru,否,200,正常
imgur.com,否,200,正常
abovedomains.com,否,200,正常
unesco.org,否,200,正常
dreamhost.com,是,403,正常
bytedns1.com,未知,无,请求失败
techcrunch.com,否,200,正常
amazon.ca,否,200,正常
noaa.gov,否,200,正常
ups.com,未知,无,请求失败
dotomi.com,否,200,正常
withgoogle.com,否,200,正常
cambridge.org,是,403,正常
g.co,否,200,正常
bx-msedge.net,未知,无,请求失败
agkn.com,未知,无,请求失败
quantserve.com,否,503,正常
1rx.io,未知,无,请求失败
bluehost.com,是,403,正常
pinimg.com,否,200,正常
scdn.co,未知,无,请求失败
service.gov.uk,否,200,正常
b-msedge.net,未知,无,请求失败
mailchimp.com,否,200,正常
id5-sync.com,否,200,正常
optimizely.com,是,200,正常
crwdcntrl.net,未知,无,请求失败
afilias-nst.info,未知,无,请求失败
ted.com,否,200,正常
twimg.com,未知,无,请求失败
ui-dns.com,未知,无,请求失败
tencent.com,未知,无,请求失败
telephony.goog,未知,无,请求失败
lijit.com,否,200,正常
lemonde.fr,否,200,正常
spiegel.de,否,200,正常
smaato.net,未知,无,请求失败
fb.com,否,400,正常
supertms.com,未知,无,请求失败
hihonorcloud.com,否,200,正常
zdnscloud.cn,未知,无,请求失败
anydesk.com,是,403,正常
att.net,否,200,正常
safebrowsing.apple,未知,无,请求失败
rackspace.net,未知,无,请求失败
ln-msedge.net,未知,无,请求失败
edgcdn.net,未知,无,请求失败
creativecdn.com,否,204,正常
samsungacr.com,未知,无,请求失败
whecloud.com,未知,无,请求失败
hath.network,未知,无,请求失败
rt.ru,否,200,正常
shopee.com.br,否,200,正常
bidr.io,未知,无,请求失败
mega.co.nz,否,200,正常
google.co.uk,否,200,正常
ks-cdn.com,未知,无,请求失败
tapad.com,否,200,正常
wps.com,否,200,正常
amazon.in,否,200,正常
newrelic.com,否,200,正常
ovscdns.com,未知,无,请求失败
criteo.net,未知,无,请求失败
chinamobile.com,未知,无,请求失败
mediafire.com,是,200,正常
cursor.sh,否,200,正常
asus.com,否,200,正常
360safe.com,未知,无,请求失败
wattpad.com,否,200,正常
bitrix24.ru,否,200,正常
it.com,是,200,正常
sophos.com,未知,无,请求失败
box.com,是,200,正常
bdydns.com,未知,无,请求失败
bamgrid.com,未知,无,请求失败
allaboutcookies.org,是,403,正常
shopee.co.id,否,200,正常
dbankcloud.com,未知,无,请求失败
afilias-nst.org,未知,无,请求失败
everesttech.net,未知,无,请求失败
bugsnag.com,未知,无,请求失败
amazon.es,否,200,正常
stripchat.com,是,406,正常
homedepot.com,否,403,正常
adform.net,否,403,正常
steamstatic.com,未知,无,请求失败
marriott.com,否,403,正常
bytefcdn-ttpus.com,未知,无,请求失败
grammarly.io,未知,无,请求失败
liadm.com,未知,无,请求失败
seznam.cz,否,200,正常
networkadvertising.org,是,403,正常
adguard-vpn.online,未知,无,请求失败
githubusercontent.com,未知,无,请求失败
amazon.it,否,200,正常
imrworldwide.com,未知,无,请求失败
jetbrains.com,否,200,正常
alipaydns.com,未知,无,请求失败
google.com.br,否,200,正常
myspace.com,未知,无,请求失败
ring.com,否,200,正常
iso.org,是,200,正常
mckinsey.com,未知,无,请求失败
bandcamp.com,否,200,正常
gumgum.com,是,200,正常
teads.tv,否,200,正常
fda.gov,否,404,正常
zillow.com,否,403,正常
freepik.com,否,403,正常
anthropic.com,是,200,正常
appcenter.ms,否,200,正常
python.org,否,200,正常
ci-servers.net,未知,无,请求失败
primevideo.com,否,200,正常
nmrodam.com,未知,无,请求失败
wb.ru,否,498,正常
nel.goog,未知,无,请求失败
mercadolivre.com.br,否,200,正常
prnewswire.com,是,200,正常
abc.net.au,否,200,正常
e2ro.com,未知,无,请求失败
resolver.arpa,未知,无,请求失败
turn.com,未知,无,请求失败
ci-servers.org,未知,无,请求失败
mlb.com,否,200,正常
nikkei.com,否,200,正常
wp.pl,否,200,正常
no-ip.com,未知,无,请求失败
theverge.com,否,200,正常
ameblo.jp,否,200,正常
fiverr.com,是,403,正常
a-mo.net,否,200,正常
hbr.org,否,200,正常
33across.com,是,403,正常
unpkg.com,是,200,正常
appspot.com,否,200,正常
zoom.com,是,200,正常
people.com,是,200,正常
blackberry.com,否,200,正常
allegro.pl,否,403,正常
uber.com,是,406,正常
washington.edu,否,200,正常
shopeemobile.com,否,200,正常
lgtvcommon.com,未知,无,请求失败
datadoghq.com,否,200,正常
dbankcloud.ru,未知,无,请求失败
globalsign.com,是,200,正常
hostgator.com.br,是,200,正常
disneyplus.com,否,200,正常
moloco.com,是,200,正常
welt.de,否,200,正常
mixpanel.com,否,200,正常
sedo.com,是,200,正常
herokudns.com,未知,无,请求失败
disqus.com,否,200,正常
mhverifier.ru,未知,无,请求失败
rakuten.com,否,200,正常
yandexcloud.net,未知,无,请求失败
ddnss.de,否,200,正常
usgovcloudapi.net,未知,无,请求失败
bild.de,否,200,正常
openstreetmap.org,否,200,正常
adjust.com,否,429,正常
fwmrm.net,是,403,正常
on.aws,未知,无,请求失败
livejournal.com,否,200,正常
liftoff.io,是,403,正常
mayoclinic.org,否,403,正常
lenovo.com,否,200,正常
onetag-sys.com,否,200,正常
aljazeera.com,否,200,正常
erome.com,否,200,正常
cmediahub.ru,未知,无,请求失败
yellowblue.io,未知,无,请求失败
discordapp.com,是,200,正常
zhihu.com,否,200,正常
share.google,否,200,正常
recaptcha.net,否,404,正常
usps.com,否,200,正常
squarespacedns.com,未知,无,请求失败
lefigaro.fr,否,200,正常
ys7.com,否,200,正常
vivo.com.cn,否,200,正常
msftauth.net,未知,无,请求失败
academia.edu,是,200,正常
adgrx.com,未知,无,请求失败
cdnhwc1.com,未知,无,请求失败
pornhub.com,否,200,正常
latimes.com,否,200,正常
kick.com,是,200,正常
figma.com,否,200,正常
cdn-vk.ru,未知,无,请求失败
me.com,否,200,正常
wpguardian.com,是,200,正常
ssl-images-amazon.com,未知,无,请求失败
investopedia.com,是,200,正常
onlyfans.com,是,200,正常
pexels.com,是,403,正常
discogs.com,是,403,正常
wpguardian.io,是,200,正常
news.com.au,否,403,正常
spotifycdn.com,未知,无,请求失败
ebay.co.uk,未知,无,请求失败
zoho.com,否,200,正常
thenai.org,是,403,正常
focus.de,否,200,正常
goskope.com,未知,无,请求失败
webmd.com,是,200,正常
cloudinary.com,是,200,正常
princeton.edu,未知,无,请求失败
herokuapp.com,未知,无,请求失败
kontur.ru,否,200,正常
miwifi.com,否,403,正常
agoda.com,否,200,正常
zenecn.net,未知,无,请求失败
chess.com,是,200,正常
change.org,否,202,正常
biblegateway.com,否,200,正常
synology.com,否,200,正常
ndtv.com,否,403,正常
merriam-webster.com,否,200,正常
life360.com,是,200,正常
qualtrics.com,否,200,正常
themeforest.net,是,200,正常
xvideos.com,否,200,正常
wbbasket.ru,未知,无,请求失败
smartthings.com,否,200,正常
eu-1-id5-sync.com,未知,无,请求失败
ebay.de,未知,无,请求失败
tplinknbu.com,未知,无,请求失败
usda.gov,未知,无,请求失败
admanmedia.com,否,200,正常
healthline.com,否,200,正常
flashtalking.com,是,200,正常
usercontent.goog,否,404,正常
kunluncan.com,未知,无,请求失败
amazon.com.br,否,503,正常
arcgis.com,否,200,正常
starlink.com,否,200,正常
worldbank.org,是,200,正常
deloitte.com,否,200,正常
irs.gov,否,200,正常
akahost.net,未知,无,请求失败
bankofamerica.com,否,200,正常
richaudience.com,否,200,正常
nic.io,否,200,正常
fidelity.com,否,200,正常
otto.de,否,200,正常
www.gov.br,否,200,正常
aiv-delivery.net,未知,无,请求失败
ioref.io,未知,无,请求失败
bytefcdn.com,未知,无,请求失败
frontiersin.org,否,200,正常
tiktokw.us,未知,无,请求失败
eu.com,否,200,正常
clever.com,是,403,正常
genius.com,是,403,正常
seedtag.com,是,200,正常
go-mpulse.net,未知,无,请求失败
daum.net,否,200,正常
fbsbx.com,否,404,正常
azure-devices.net,未知,无,请求失败
pixiv.net,是,200,正常
playrix.com,是,200,正常
hm.com,否,403,正常
samsungosp.com,未知,无,请求失败
rutube.ru,否,200,正常
blackberry.net,否,200,正常
classlink.com,是,200,正常
deepseek.com,否,200,正常
state.gov,否,200,正常
jimdo.com,是,200,正常
mailchi.mp,否,200,正常
linode.com,否,403,正常
poki.com,是,200,正常
cloudsink.net,未知,无,请求失败
xerox.com,否,200,正常
agora.io,是,200,正常
epa.gov,否,200,正常
nintendo.net,未知,无,请求失败
pccc.com,否,200,正常
perplexity.ai,是,200,正常
ddns.net,未知,无,请求失败
presage.io,未知,无,请求失败
ubnt.com,否,200,正常
nationalgeographic.com,否,200,正常
character.ai,是,200,正常
split.io,是,200,正常
ryanair.com,否,200,正常
chaturbate.com,是,403,正常
docker.io,否,200,正常
coupang.com,否,403,正常
smilewanted.com,是,200,正常
typeform.com,是,200,正常
youku.com,否,200,正常
airbnb.com,否,200,正常
repubblica.it,否,200,正常
rackspace.com,否,200,正常
pendo.io,否,200,正常
amazon.com.au,否,200,正常
mercadolibre.com.ar,否,200,正常
lowes.com,否,200,正常
kleinanzeigen.de,否,200,正常
kickstarter.com,是,403,正常
cdnhwc2.com,未知,无,请求失败
corriere.it,否,200,正常
opera-api.com,未知,无,请求失败
wyzecam.com,是,200,正常
rambler.ru,否,200,正常
weforum.org,否,403,正常
btloader.com,是,403,正常
segment.io,否,200,正常
theatlantic.com,是,200,正常
4dex.io,未知,无,请求失败
xnxx.com,否,200,正常
tiktokrow-cdn.com,未知,无,请求失败
readthedocs.io,是,200,正常
umich.edu,是,403,正常
pbs.org,否,200,正常
nextlgsdp.com,未知,无,请求失败
omnitagjs.com,未知,无,请求失败
kwai.com,否,200,正常
yandex.com.tr,否,200,正常
vercel.app,否,200,正常
leiniao.com,未知,无,请求失败
px-cloud.net,否,404,正常
kslawin.com,未知,无,请求失败
whitehouse.gov,否,200,正常
note.com,否,200,正常
jd.com,否,200,正常
caixa.gov.br,未知,无,请求失败
elmundo.es,否,200,正常
immedia-semi.com,未知,无,请求失败
tsyndicate.com,否,204,正常
singular.net,是,403,正常
theconversation.com,否,200,正常
digitaloceanspaces.com,是,200,正常
giex.ru,未知,无,请求失败
netgear.com,是,200,正常
onet.pl,否,200,正常
nexusmods.com,是,403,正常
hotstar.com,否,200,正常
afafb.com,未知,无,请求失败
kueezrtb.com,是,200,正常
sofascore.com,否,403,正常
costco.com,否,200,正常
onesignal.com,是,200,正常
fbpigeon.com,未知,无,请求失败
vercel-dns-016.com,未知,无,请求失败
vk-analytics.ru,未知,无,请求失败
us.com,否,200,正常
utorrent.com,否,200,正常
nypost.com,否,200,正常
binance.com,否,202,正常
pvp.net,未知,无,请求失败
snapkit.com,否,200,正常
ipify.org,否,200,正常
columbia.edu,是,403,正常
samsungcloudsolution.net,未知,无,请求失败
faphouse.com,是,200,正常
quizlet.com,是,403,正常
bol.com,否,403,正常
orderbox-dns.com,未知,无,请求失败
tagesschau.de,否,200,正常
youronlinechoices.com,否,200,正常
ancestry.com,是,200,正常
ecosia.org,是,403,正常
odoo.com,否,200,正常
infobae.com,否,200,正常
kwcdn.com,未知,无,请求失败
tiktokpangle.us,未知,无,请求失败
tesla.com,否,403,正常
heytapmobi.com,否,200,正常
ovscdns.net,未知,无,请求失败
huffpost.com,否,200,正常
docomo.ne.jp,否,404,正常
instructure.com,否,200,正常
flipkart.com,未知,无,请求失败
parklogic.com,否,200,正常
rbc.ru,否,401,正常
ubi.com,否,200,正常
nextcloud.com,否,200,正常
eporner.com,否,200,正常
yximgs.com,未知,无,请求失败
spamhaus.org,是,200,正常
bidmachine.io,是,200,正常
leparisien.fr,否,200,正常
app-analytics-services-att.com,否,404,正常
redfin.com,否,405,正常
amazon.com.mx,否,200,正常
xhcdn.com,否,403,正常
viasat.io,未知,无,请求失败
moneycontrol.com,否,200,正常
bytefcdn-ttpeu.com,未知,无,请求失败
marca.com,否,200,正常
ameba.jp,否,200,正常
terra.com.br,否,200,正常
coursera.org,否,200,正常
gtm-a2b2.com,未知,无,请求失败
as.com,否,403,正常
ox.ac.uk,是,403,正常
adblockplus.org,否,200,正常
google.ca,否,200,正常
amemv.com,否,200,正常
webempresa.eu,未知,无,请求失败
ouest-france.fr,未知,无,请求失败
hilton.com,未知,无,请求失败
notion.so,是,200,正常
letterboxd.com,是,403,正常
trendyol.com,是,200,正常
olx.com.br,是,403,正常
crazygames.com,是,200,正常
garmin.com,是,200,正常
bfmtv.com,否,200,正常
xing.com,否,200,正常
oecd.org,否,403,正常
archiveofourown.org,是,200,正常
n-tv.de,否,200,正常
alphonso.tv,是,403,正常
yandex.kz,否,200,正常
ilovepdf.com,是,200,正常
websitewelcome.com,未知,无,请求失败
privacy-mgmt.com,未知,无,请求失败
goal.com,否,200,正常
cbc.ca,否,200,正常
i18n-pglstatp.com,未知,无,请求失败
dribbble.com,否,200,正常
footprintdns.com,未知,无,请求失败
xhamster.desi,是,200,正常
tendawifi.com,未知,无,请求失败
webhostbox.net,未知,无,请求失败
nexthink.cloud,未知,无,请求失败
rayjump.com,未知,无,请求失败
mythad.com,未知,无,请求失败
incapdns.net,未知,无,请求失败
gsmarena.com,否,200,正常
fortune.com,否,200,正常
lwsdns.com,否,200,正常
inkuai.com,未知,无,请求失败
yomiuri.co.jp,否,200,正常
economist.com,是,403,正常
1c.ru,否,200,正常
apa.org,否,200,正常
lge.com,否,200,正常
statcounter.com,是,200,正常
tabelog.com,是,200,正常
hugedomains.com,是,200,正常
1drv.com,未知,无,请求失败
dnse0.com,未知,无,请求失败
wise.com,是,200,正常
megafon.ru,否,200,正常
tnaflix.com,否,200,正常
warnerbros.com,否,200,正常
idnes.cz,否,200,正常
xhscdn.com,未知,无,请求失败
byteoversea.com,未知,无,请求失败
usercentrics.eu,是,403,正常
stackexchange.com,是,200,正常
franceinfo.fr,否,200,正常
plos.org,是,200,正常
olx.pl,否,200,正常
samsungcloud.tv,未知,无,请求失败
espncricinfo.com,否,403,正常
skysports.com,否,200,正常
stbid.ru,未知,无,请求失败
sahibinden.com,是,403,正常
finn.no,否,200,正常
riotgames.com,否,200,正常
lichess.org,否,200,正常
hostinger.com,是,200,正常
psychologytoday.com,否,200,正常
hltv.org,是,403,正常
mercadolibre.com.mx,否,200,正常
gofundme.com,否,200,正常
clarin.com,是,200,正常
share-dns.com,未知,无,请求失败
vivo.com,否,200,正常
jstor.org,否,200,正常
bet365.com,是,403,正常
onedrive.com,否,200,正常
huffingtonpost.com,否,200,正常
rtbcdn.ru,未知,无,请求失败
lanacion.com.ar,否,200,正常
ultimate-guitar.com,是,403,正常
yale.edu,否,200,正常
upenn.edu,否,200,正常
company-target.com,未知,无,请求失败
cspserver.net,否,404,正常
ad-delivery.net,是,200,正常
susercontent.com,未知,无,请求失败
gismeteo.ru,否,200,正常
meethue.com,否,200,正常
contentsquare.net,未知,无,请求失败
skroutz.gr,是,403,正常
tubi.io,未知,无,请求失败
dafont.com,否,200,正常
leboncoin.fr,否,403,正常
internetwarriors.net,否,200,正常
bestbuy.com,未知,无,请求失败
psu.edu,否,200,正常
amd.com,否,200,正常
edna.ru,否,200,正常
medallia.com,是,403,正常
flashscore.com,否,200,正常
aftonbladet.se,否,200,正常
att.com,否,200,正常
ttlivecdn.com,未知,无,请求失败
sentinelone.net,未知,无,请求失败
watchlist-internet.at,是,200,正常
cricbuzz.com,否,200,正常
jw.org,否,200,正常
vg.no,否,200,正常
pandora.com,否,200,正常
makemytrip.com,未知,无,请求失败
cookpad.com,否,200,正常
wordwall.net,否,200,正常
elconfidencial.com,否,200,正常
kicker.de,否,403,正常
attn.tv,未知,无,请求失败
dmm.co.jp,否,200,正常
superhosting.bg,否,200,正常
xhamster2.com,否,200,正常
xhamster45.desi,是,200,正常
rule34.xxx,是,403,正常
tbs.co.jp,否,404,正常
dhl.com,未知,无,请求失败
sectigo.com,是,200,正常
stratoserver.net,未知,无,请求失败
itmedia.co.jp,否,200,正常
kaspi.kz,否,200,正常
vnexpress.net,否,200,正常
maricopa.gov,是,200,正常
service-now.com,未知,无,请求失败
nu.nl,否,403,正常
spankbang.com,是,200,正常
nelreports.net,未知,无,请求失败
t-bank-app.ru,未知,无,请求失败
furaffinity.net,是,200,正常
easy4ipcloud.com,未知,无,请求失败
namu.wiki,是,403,正常
msauth.net,未知,无,请求失败
phncdn.com,未知,无,请求失败
indiamart.com,否,429,正常
cdek.ru,否,200,正常
ad.nl,否,403,正常
fc2.com,否,200,正常
janitorai.com,是,403,正常
trello.com,否,200,正常
bitdefender.net,是,200,正常
alipay.com,否,200,正常
epicgames.dev,是,200,正常
xhamster1.desi,是,200,正常
xhamster19.com,否,200,正常
dcinside.com,未知,无,请求失败
tinkoff.ru,否,200,正常
boyfriendtv.com,是,403,正常
adaether.com,未知,无,请求失败
bilibili.tv,否,200,正常
oneme.ru,未知,无,请求失败
tradplusad.com,否,200,正常
biomedcentral.com,否,200,正常
lequipe.fr,否,200,正常
rightmove.co.uk,否,200,正常
acesso.gov.br,否,200,正常
hotpepper.jp,否,200,正常
xhopen.com,否,200,正常
wowhead.com,否,403,正常
meesho.com,否,403,正常
vinted.fr,是,200,正常
remove.bg,是,200,正常
xhaccess.com,否,200,正常
hurriyet.com.tr,否,200,正常
livescore.com,否,200,正常
blooket.com,是,200,正常
ynet.co.il,否,200,正常
zdnscloud.com,未知,无,请求失败
nsone.net,否,200,正常
marktplaats.nl,否,200,正常
gazzetta.it,否,200,正常
fb.me,否,400,正常
blueapron.com,是,200,正常
donga.com,否,200,正常
volcgslb.com,未知,无,请求失败
azure-api.net,未知,无,请求失败
letsencrypt.org,否,200,正常
zalando.de,否,403,正常
vscode-cdn.net,未知,无,请求失败
tabor.ru,否,200,正常
he.net,否,200,正常
google.co.jp,否,200,正常
argos.co.uk,否,403,正常
idealista.com,否,403,正常
poste.it,否,200,正常
businesswire.com,否,403,正常
icanhazip.com,是,200,正常
fetlife.com,是,200,正常
meta.com,否,400,正常
cnnbrasil.com.br,否,200,正常
youporn.com,否,200,正常
fb-t-msedge.net,未知,无,请求失败
usnews.com,未知,无,请求失败
zijieapi.com,未知,无,请求失败
fanfiction.net,未知,无,请求失败
bmj.com,是,200,正常
pornpics.com,否,200,正常
wayground.com,否,202,正常
bund.de,否,200,正常
tawk.to,是,200,正常
signal.org,是,200,正常
wiktionary.org,否,200,正常
xiaohongshu.com,否,200,正常
wshifen.com,未知,无,请求失败
buzzfeed.com,否,200,正常
sapo.pt,否,200,正常
hln.be,否,403,正常
litnet.com,是,200,正常
hstgr.net,未知,无,请求失败
rustdesk.com,是,200,正常
merkur.de,否,200,正常
siemens.com,否,200,正常
myntra.com,否,200,正常
livedoor.com,否,200,正常
umn.edu,是,200,正常
googleapis.cn,未知,无,请求失败
newsweek.com,否,200,正常
vercel-dns-017.com,未知,无,请求失败
mybluehost.me,未知,无,请求失败
kahoot.it,否,200,正常
emag.ro,否,511,正常
labs.google,否,200,正常
ebay.it,未知,无,请求失败
championat.com,否,200,正常
avito.st,否,200,正常
ap4r.com,未知,无,请求失败
lc.chat,否,200,正常
naukri.com,否,200,正常
b7510.com,否,200,正常
mydramalist.com,是,200,正常
dw.com,否,200,正常
vietnam.vn,是,200,正常
ixl.com,是,200,正常
noodlemagazine.com,是,200,正常
cdiscount.com,是,200,正常
postgresql.org,否,200,正常
dotaplabs.net,未知,无,请求失败
redtube.com,否,200,正常
dlsite.com,是,200,正常
polybuzz.ai,否,200,正常
sun.com,否,200,正常
wisc.edu,否,200,正常
justdial.com,未知,无,请求失败
netlify.app,否,200,正常
kernel.org,否,200,正常
admin.ch,否,403,正常
datadome.co,否,403,正常
safety.google,否,200,正常
tbank.ru,否,200,正常
subito.it,否,403,正常
kakao.com,否,200,正常
actu.fr,是,200,正常
jusbrasil.com.br,是,403,正常
redd.it,否,403,正常
sciencedaily.com,是,200,正常
mmechocaptiveportal.com,未知,无,请求失败
hik-connect.com,未知,无,请求失败
calculator.net,否,200,正常
ruliweb.com,否,200,正常
inven.co.kr,否,200,正常
ilfattoquotidiano.it,是,200,正常
rajasthan.gov.in,否,200,正常
xvideos-cdn.com,未知,无,请求失败
xxxbp.tv,否,200,正常
groww.in,是,200,正常
aternos.org,是,403,正常
zozo.jp,否,403,正常
hpeprint.com,未知,无,请求失败
autotrader.co.uk,是,403,正常
leroymerlin.fr,否,403,正常
9ffyu1g9c.com,未知,无,请求失败
eeroup.com,否,404,正常
ucla.edu,否,200,正常
vercel-dns-3.com,未知,无,请求失败
carsensor.net,否,200,正常
donmai.us,是,403,正常
id.me,是,403,正常
freecash.com,是,200,正常
funpay.com,否,200,正常
pornone.com,是,200,正常
hollywoodbets.net,是,403,正常
fmkorea.com,否,430,正常
futbin.com,是,403,正常
boursorama.com,否,200,正常
fedex.com,否,200,正常
publicnode.com,是,200,正常
youjizz.com,否,200,正常
akamaitechnologies.com,未知,无,请求失败
uci.edu,否,200,正常
txnhh.com,否,200,正常
dantri.com.vn,否,200,正常
crn77.com,是,200,正常
e621.net,是,200,正常
xhspot.com,否,200,正常
tailscale.com,否,200,正常
asurascans.com,是,200,正常
gst.gov.in,否,200,正常
ajio.com,否,403,正常
xhtotal.com,否,200,正常
jalan.net,未知,无,请求失败
coolmathgames.com,是,200,正常
haberler.com,是,200,正常
thisvid.com,否,200,正常
aznude.com,是,403,正常
xnxx.tv,否,200,正常
gcash.com,是,200,正常
apigee.net,未知,无,请求失败
turkiye.gov.tr,否,200,正常
hitomi.la,否,200,正常
xvv1deos.com,否,200,正常
sotwe.com,是,403,正常
fdown.net,是,200,正常
xhsocial.com,否,200,正常
cloudflareclient.com,是,522,正常
pornhub.org,否,200,正常
fapello.com,是,200,正常
imagefap.com,否,200,正常
akismet.com,否,200,正常
e-hentai.org,是,200,正常
missav.ws,是,200,正常
novinky.cz,否,200,正常
mangabuff.ru,否,403,正常
imhentai.xxx,是,200,正常
cardgames.io,否,200,正常
ctdns.cn,未知,无,请求失败
sex-studentki.team,是,200,正常
sportybet.com,否,403,正常
edgecastdns.net,未知,无,请求失败
faphouse2.com,是,200,正常
rule34video.com,否,200,正常
weathernews.jp,否,200,正常
starfall.com,否,200,正常
tenki.jp,否,200,正常
dagbladet.no,是,200,正常
mangago.me,是,200,正常
rfihub.com,未知,无,请求失败
elsevier.com,是,200,正常
bookmyshow.com,是,403,正常
toyhou.se,是,403,正常
simpcity.cr,否,403,正常
mbga.jp,否,200,正常
ultradns.com,否,200,正常
platorelay.com,未知,无,请求失败
inps.it,否,200,正常
missav.live,是,200,正常
pornhat.com,是,200,正常
navitime.co.jp,否,403,正常
ilmeteo.it,是,200,正常
ixxx.com,是,200,正常
sportradar.com,是,403,正常
filmweb.pl,否,200,正常
ntp.br,否,200,正常
russianfood.com,是,200,正常
18comic.vip,是,403,正常
xhname.com,否,200,正常
jiomart.com,否,200,正常
suumo.jp,否,200,正常
uidai.gov.in,否,200,正常
idealista.it,否,403,正常
58.com,否,200,正常
nesine.com,否,200,正常
iltalehti.fi,否,200,正常
zedge.net,是,200,正常
mediaexpert.pl,是,403,正常
boardgamearena.com,否,200,正常
typing.com,是,200,正常
cityheaven.net,否,403,正常
game8.jp,否,200,正常
travelandtourworld.com,是,403,正常
arca.live,是,403,正常
syosetu.com,否,200,正常
porno365.golf,未知,无,请求失败
bef77.com,是,200,正常
contextweb.com,否,200,正常
t-s1-msedge.net,未知,无,请求失败
s8ey.com,否,200,正常
in.net,未知,无,请求失败
jagran.com,否,200,正常
blic.rs,否,200,正常
otomoto.pl,否,200,正常
eltiempo.es,否,200,正常
sozcu.com.tr,是,200,正常
dns.cn,未知,无,请求失败
betway.co.za,是,200,正常
protothema.gr,否,200,正常
ukdevilz.com,是,200,正常
sky.com,否,200,正常
overwolf.com,否,200,正常
jutarnji.hr,是,200,正常
gelbooru.com,否,200,正常
google.co.in,否,200,正常
3bmeteo.com,是,200,正常
index.hr,是,200,正常
myinstants.com,是,403,正常
canada.ca,否,200,正常
24h.com.vn,否,200,正常
ekstrabladet.dk,否,200,正常
superporn.com,是,200,正常
paramountplus.com,否,200,正常
immobiliare.it,否,403,正常
ssstik.io,是,200,正常
cam.ac.uk,否,403,正常
queniuaa.com,未知,无,请求失败
cardmarket.com,是,403,正常
eenadu.net,否,202,正常
ovhcloud.com,否,200,正常
fpo.xxx,否,200,正常
jable.tv,否,200,正常
ficbook.net,是,200,正常
thexh.live,否,200,正常
eci.gov.in,未知,无,请求失败
luxuretv.com,是,200,正常
pussyspace.com,是,200,正常
granbluefantasy.jp,否,200,正常
sex-studentki.cafe,是,200,正常
sexvid.xxx,否,200,正常
netkeiba.com,否,200,正常
cmoa.jp,未知,无,请求失败
site.com,否,200,正常
property24.com,否,200,正常
gamewith.jp,否,200,正常
forebet.com,是,403,正常
hdtube.porn,否,200,正常
shutterstock.com,否,403,正常
letsporn.com,否,200,正常
bt.dk,是,200,正常
xnxx2.com,否,200,正常
iplt20.com,否,200,正常
sxyprn.com,是,200,正常
nosv.org,否,200,正常
255md.com,是,200,正常
rat.xxx,否,200,正常
mangafire.to,是,403,正常
motherless.com,否,200,正常
caliente.mx,是,200,正常
meitu.com,否,200,正常
xnxx.health,否,200,正常
sondakika.com,是,200,正常
xvideos.es,是,200,正常
testbook.com,是,200,正常
xnxx.es,是,200,正常
dns-shop.ru,否,401,正常
liteapks.com,是,200,正常
epfindia.gov.in,未知,无,请求失败
programme-tv.net,否,200,正常
xnxx-arabic.com,是,200,正常
tabletki.ua,是,403,正常
exhentai.org,是,200,正常
newyorker.com,否,200,正常
supjav.com,是,403,正常
missav123.com,是,200,正常
ptt.cc,未知,无,请求失败
statuspage.io,否,200,正常
wpastra.com,是,200,正常
hanime1.me,是,403,正常
missav.ai,是,200,正常
fatalmodel.com,是,200,正常
gtld.biz,未知,无,请求失败
casinoplus.com.ph,是,200,正常
amap.com,否,200,正常
absher.sa,未知,无,请求失败
joyclub.de,是,200,正常
upwork.com,是,403,正常
indianrail.gov.in,否,200,正常
eff.org,否,200,正常
restream-media.net,未知,无,请求失败
sinoptik.ua,未知,无,请求失败
aajtak.in,否,200,正常
buydomains.com,是,403,正常
goodreturns.in,是,200,正常
proxysite.com,是,200,正常
ak2yy.com,否,200,正常
kooora.com,否,200,正常
eepurl.com,否,200,正常
ppomppu.co.kr,否,200,正常
samsungknox.com,否,200,正常
gdz.ru,否,200,正常
wnacg.com,是,403,正常
lausd.net,否,200,正常
bingoplus.com,是,403,正常
listcrawler.eu,是,403,正常
moviebox.ph,否,200,正常
fuq.com,是,200,正常
rkv1.com,否,200,正常
parivahan.gov.in,否,200,正常
xvideos2.com,否,200,正常
pajak.go.id,否,200,正常
kakuyomu.jp,否,200,正常
tokyomotion.net,否,200,正常
ey43.com,是,200,正常
snaptik.app,是,200,正常
flightradar24.com,是,200,正常
hochi.news,否,200,正常
mat6tube.com,否,200,正常
therapservices.net,是,200,正常
9animetv.to,未知,无,请求失败
rakuten-sec.co.jp,否,200,正常
theblowers.com,是,200,正常
markt.de,否,200,正常
croxyproxy.com,是,200,正常
myreadingmanga.info,是,403,正常
porn300.com,是,200,正常
iporntv.net,是,200,正常
bikewale.com,否,200,正常
alura.com.br,是,200,正常
serviporno.com,是,200,正常
lioden.com,否,200,正常
ijavhd.com,是,200,正常
theqoo.net,是,200,正常
zearn.org,否,200,正常
porno666.fo,未知,无,请求失败
syosetu.org,是,200,正常
librus.pl,否,200,正常
fastdl.app,是,200,正常
qorno.com,是,200,正常
trilltrill.jp,否,200,正常
mechacomic.jp,否,200,正常
google.fr,否,200,正常
vivox.com,否,200,正常
nya2.com,是,200,正常
goojara.to,是,403,正常
skokka.com,是,403,正常
afip.gob.ar,未知,无,请求失败
ss.com,否,200,正常
kompoz2.com,是,403,正常
nickfinder.com,否,200,正常
screener.in,否,200,正常
betika.com,是,200,正常
ewaybillgst.gov.in,未知,无,请求失败
piccoma.com,否,200,正常
twpornstars.com,是,403,正常
chordtela.com,是,200,正常
spaggiari.eu,是,200,正常
ladies.de,是,200,正常
mangabuddy.com,否,200,正常
imgsrc.ru,否,200,正常
okxxx1.com,是,200,正常
search-start.org,未知,无,请求失败
gdz-raketa.ru,否,200,正常
diretta.it,否,200,正常
405kk.com,否,200,正常
freepornvideo.sex,否,200,正常
52shuku.net,是,200,正常
novelbin.com,是,403,正常
desitales2.com,是,200,正常
kingbokep.tv,否,200,正常
wikihow.com,否,200,正常
aucey.com,是,200,正常
patria.org.ve,未知,无,请求失败
hentai.name,是,403,正常
fedoraproject.org,否,200,正常
skelbiu.lt,是,403,正常
pussyboy.net,是,200,正常
aka.ms,否,200,正常
sexalarab.com,是,200,正常
jamfcloud.com,未知,无,请求失败
njavtv.com,是,200,正常
aniwatchtv.to,未知,无,请求失败
cqloud.com,未知,无,请求失败
afribaba.com,是,403,正常
nfse.gov.br,未知,无,请求失败
tjk.org,否,200,正常
tktube.com,是,200,正常
lk21official.cc,未知,无,请求失败
arabx.cam,是,200,正常
oreilly.com,否,200,正常
promiedos.com.ar,否,200,正常
arabtnt.com,是,403,正常
publi24.ro,是,200,正常
fabswingers.com,是,200,正常
yastatic.net,否,200,正常
manhwaweb.com,是,200,正常
mileroticos.com,是,403,正常
bakusai.com,否,200,正常
dogdrip.net,是,200,正常
sexemodel.com,是,200,正常
69shuba.com,是,200,正常
banvenez.com,未知,无,请求失败
momon-ga.com,是,200,正常
choiceadvantage.com,否,200,正常
xvideos-ar.com,是,200,正常
eroterest.net,未知,无,请求失败
humoruniv.com,否,200,正常
an1.com,否,200,正常
sexnyk.com,是,200,正常
ojogodobicho.com,是,200,正常
nustargame.com,是,200,正常
happymh.com,是,403,正常
redwap.sex,是,200,正常
goal7.co,是,200,正常
bancodevenezuela.com,未知,无,请求失败
xvideosputaria.com,是,200,正常
emaktab.uz,否,200,正常
anses.gob.ar,否,200,正常
flashscore.fr,否,200,正常
google.ru,否,200,正常
dto.jp,否,403,正常
autoplius.lt,是,403,正常
jra.go.jp,未知,无,请求失败
arbada.com,是,200,正常
freenet.de,是,200,正常
thekamababa.com,是,200,正常
darkero.com,是,403,正常
twkan.com,是,403,正常
gartner.com,是,403,正常
skipthegames.com,是,403,正常
czbooks.net,是,200,正常
football.com,否,403,正常
betking.com,是,200,正常
escort.club,是,200,正常
anwap.today,未知,无,请求失败
w3schools.com,否,200,正常
bakecaincontrii.com,是,200,正常
xorgasmo.com,否,200,正常
vietjack.com,否,200,正常
flashscore.mobi,是,200,正常
xpaja.net,否,200,正常
xosodaiphat.com,是,200,正常
zebawy.com,是,200,正常
pornhat.one,是,200,正常
salonboard.com,未知,无,请求失败
keirin.jp,否,200,正常
girlschannel.net,否,200,正常
xxx18hot.com,未知,无,请求失败
futbollibretv.su,否,200,正常
letras.mus.br,否,403,正常
jra.jp,否,200,正常
sexvid.pro,否,200,正常
vymanga.com,是,200,正常
avto.net,是,403,正常
indown.io,是,403,正常
conectate.com.do,是,200,正常
hotxv.com,否,200,正常
ecnavi.jp,否,200,正常
betpawa.ug,是,200,正常
sarkariresult.com.cm,是,200,正常
nz.ua,是,200,正常
kinnser.net,否,200,正常
hdhub4u.fo,未知,无,请求失败
animanch.com,是,200,正常
simontokx.asia,未知,无,请求失败
turbo.az,是,403,正常
asd.pics,是,403,正常
az24.vn,是,200,正常
jaya9bangladesh.com,是,200,正常
avira.com,否,200,正常
kumanga.com,是,200,正常
betpawa.cm,是,200,正常
fabguys.com,是,200,正常
xoso.com.vn,是,200,正常
oddspark.com,未知,无,请求失败
oolveri.com,是,200,正常
scan-manga.com,是,404,正常
xsmn.mobi,是,200,正常
triunfobet.com,是,200,正常
salesforceliveagent.com,否,200,正常
betpawa.co.tz,是,200,正常
annunci69.it,是,200,正常
packzy.com,否,200,正常
xbanxia.cc,是,200,正常
koselarab.com,是,403,正常
gree-apps.net,未知,无,请求失败
tamildhool.tech,是,200,正常
thscore.mobi,否,200,正常
tjsp.jus.br,否,200,正常
lok-lok.cc,否,200,正常
lectormangaa.com,是,200,正常
dpboss.boston,是,200,正常
satta-king-fast.com,是,200,正常
sattamatkadpboss.mobi,否,200,正常
freesexkahani.com,是,200,正常
antarvasna3.com,是,200,正常
loteriadehoy.com,是,403,正常
dzexams.com,是,403,正常
livescore.cz,是,200,正常
xxxpostpic.org,是,200,正常
xn--72c0anj1fqy6jqa7ei.net,是,200,正常
betway.co.bw,是,200,正常
xxxhindi.to,是,200,正常
site777.jp,否,403,正常
unrealities.com,是,200,正常
bhojpurisex.site,是,200,正常
rsch.jp,否,403,正常
pusher.com,否,200,正常
xnhau.hot,是,403,正常
maynoe.com,是,200,正常
kkstories.com,否,200,正常
ad-contents.jp,否,200,正常
bpexch.live,是,200,正常
lotterysambadresult.in,否,200,正常
staseraintv.com,否,200,正常
blacktoon410.com,是,200,正常
yasyadong.tv,是,200,正常
gree-pf.net,未知,无,请求失败
ftc.gov,否,200,正常
mobcup.fm,是,200,正常
examinationservices.nic.in,否,200,正常
mingky03.net,是,403,正常
sattamatkano1.me,是,200,正常
isaidub.love,是,200,正常
yako03.com,是,403,正常
desitelugusex.com,是,200,正常
spboss.mobi,是,200,正常
nregastrep.nic.in,未知,无,请求失败
moviesda18.com,是,200,正常
joinindianarmy.nic.in,未知,无,请求失败
fao.org,是,200,正常
funinstar.com,是,202,正常
vdyel.com,是,200,正常
mnregaweb4.nic.in,否,403,正常
1filmyfly.top,未知,无,请求失败
sdpay.co.in,否,200,正常
kolkataff.tv,是,200,正常
onlar.az,是,200,正常
huggingface.co,否,200,正常
plex.direct,未知,无,请求失败
grok.com,是,200,正常
playfabapi.com,未知,无,请求失败
yimg.com,否,200,正常
cmu.edu,否,200,正常
google.es,否,200,正常
acs.org,否,200,正常
apdcdn.com,未知,无,请求失败
pewresearch.org,否,403,正常
kargo.com,否,200,正常
cloud.com,否,200,正常
sitescout.com,是,403,正常
smadex.com,否,200,正常
blizzard.com,否,200,正常
macys.com,否,403,正常
zdnet.com,否,200,正常
acm.org,是,403,正常
auth0.com,是,200,正常
rncdn7.com,未知,无,请求失败
ipredictive.com,未知,无,请求失败
mgslb.com,未知,无,请求失败
asu.edu,是,200,正常
marketwatch.com,否,401,正常
twilio.com,否,200,正常
mobile.de,否,403,正常
vice.com,否,200,正常
gdemoideti.ru,否,200,正常
netcraze.io,否,200,正常
unrulymedia.com,否,200,正常
va.gov,否,200,正常
usgovtrafficmanager.net,未知,无,请求失败
battle.net,否,200,正常
porkbun.com,否,200,正常
usercontent.microsoft,未知,无,请求失败
api.aws,未知,无,请求失败
translate.goog,否,404,正常
trustarc.com,是,403,正常
iana.org,否,200,正常
zpath.net,未知,无,请求失败
aniview.com,否,200,正常
scientificamerican.com,否,200,正常
firebaseio.com,未知,无,请求失败
tremorhub.com,否,403,正常
indexww.com,是,403,正常
pluto.tv,否,200,正常
pikabu.ru,否,200,正常
geocities.com,未知,无,请求失败
tripod.com,未知,无,请求失败
moodle.org,是,200,正常
fb.watch,否,400,正常
livechatinc.com,否,200,正常
geocomply.com,是,403,正常
foggymorningmist.com,未知,无,请求失败
xfinity.com,否,403,正常
udemy.com,是,200,正常
threads.net,否,200,正常
nps.gov,否,200,正常
match.com,是,200,正常
sciencemag.org,是,403,正常
secureserver.net,否,404,正常
dbankcloud.cn,未知,无,请求失败
utexas.edu,否,200,正常
aadrm.com,未知,无,请求失败
vmware.com,是,200,正常
uchicago.edu,否,200,正常
adrta.com,否,200,正常
badoo.com,否,200,正常
mradx.net,未知,无,请求失败
igamecj.com,未知,无,请求失败
gpcloudservice.com,未知,无,请求失败
namecheaphosting.com,未知,无,请求失败
pubmnet.com,未知,无,请求失败
office365.us,未知,无,请求失败
mega.nz,否,200,正常
postrelease.com,否,403,正常
typepad.com,是,403,正常
deepintent.com,是,200,正常
intercom.com,否,200,正常
rustore.ru,否,200,正常
arstechnica.com,否,200,正常
mathtag.com,未知,无,请求失败
vtwenty.com,未知,无,请求失败
mps.gov.cn,未知,无,请求失败
nic.uk,未知,无,请求失败
enable-javascript.com,否,200,正常
savvis.net,未知,无,请求失败
clevelandclinic.org,是,200,正常
thelancet.com,是,403,正常
ns1p.net,否,404,正常
magazineluiza.com.br,未知,无,请求失败
ico.org.uk,是,200,正常
elegantthemes.com,是,200,正常
google.it,否,200,正常
ezvizru.com,未知,无,请求失败
blackrussia.online,否,200,正常
hulu.com,否,200,正常
zenlogic.net,未知,无,请求失败
rapid7.com,是,200,正常
betweendigital.com,否,200,正常
redditstatic.com,未知,无,请求失败
fastcompany.com,否,403,正常
marketingcloudapis.com,未知,无,请求失败
russianpost.ru,未知,无,请求失败
sendgrid.net,否,404,正常
ovh.com,否,200,正常
llamarpc.com,是,403,正常
gizmodo.com,是,403,正常
azure.net,否,200,正常
xinhuanet.com,未知,无,请求失败
jamanetwork.com,是,403,正常
bootstrapcdn.com,是,200,正常
bitdefender.com,是,200,正常
simpli.fi,是,200,正常
your-server.de,否,404,正常
nba.com,否,200,正常
blackhub.team,是,403,正常
e1c-ops.com,未知,无,请求失败
stripe.network,否,200,正常
rings.solutions,未知,无,请求失败
shop.app,是,403,正常
business.site,否,200,正常
about.com,是,200,正常
deezer.com,否,200,正常
here.com,否,200,正常
qcloud.com,否,200,正常
abc.es,否,200,正常
hwcdn.ru,未知,无,请求失败
appier.net,是,200,正常
jino.ru,否,200,正常
meetup.com,否,200,正常
douyin.com,否,200,正常
justice.gov,否,200,正常
inleed.net,否,200,正常
dv.tech,未知,无,请求失败
e-volution.ai,否,200,正常
166.com,未知,无,请求失败
sweb.ru,否,200,正常
investing.com,是,403,正常
mapbox.com,是,200,正常
techtarget.com,是,200,正常
si.edu,是,403,正常
wcdnga.com,未知,无,请求失败
magonet.ru,未知,无,请求失败
adswizz.com,否,200,正常
spectrum.com,未知,无,请求失败
www.nhs.uk,否,200,正常
themeisle.com,是,200,正常
opera.software,未知,无,请求失败
lycos.com,否,200,正常
alikunlun.com,未知,无,请求失败
mercadolibre.com,否,200,正常
beget.com,否,200,正常
samsungiotcloud.com,未知,无,请求失败
connatix.com,是,200,正常
ucsd.edu,否,200,正常
tdnsstic1.cn,未知,无,请求失败
getbootstrap.com,是,200,正常
globenewswire.com,否,200,正常
mashable.com,是,200,正常
loopme.me,否,204,正常
jwplayer.com,是,200,正常
plex.tv,是,200,正常
jhu.edu,是,403,正常
intentiq.com,否,200,正常
litix.io,未知,无,请求失败
moengage.com,是,403,正常
politico.com,是,403,正常
bt.co,未知,无,请求失败
matterport.com,是,200,正常
emailvision.net,未知,无,请求失败
hsforms.com,未知,无,请求失败
barnesandnoble.com,未知,无,请求失败
truste.com,是,403,正常
bbb.org,是,403,正常
adobelogin.com,未知,无,请求失败
akamai.com,否,403,正常
usgs.gov,否,200,正常
like.video,否,200,正常
firstvds.ru,否,200,正常
privacymanager.io,是,200,正常
pnas.org,是,403,正常
telegra.ph,否,200,正常
evernote.com,否,200,正常
tenor.com,否,200,正常
isappcloud.com,未知,无,请求失败
mparticle.com,否,200,正常
clients-cdnnow.ru,未知,无,请求失败
ecdnx.com,未知,无,请求失败
sinaedge.com,未知,无,请求失败
adroll.com,否,200,正常
automattic.com,否,200,正常
im-apps.net,否,200,正常
app.link,否,404,正常
supersonicads.com,未知,无,请求失败
umeng.com,未知,无,请求失败
acrobat.com,否,200,正常
sonobi.com,否,200,正常
mercari.com,是,403,正常
mfadsrvr.com,否,200,正常
euronews.com,否,200,正常
nic.media,未知,无,请求失败
otm-r.com,未知,无,请求失败
fazenda.gov.br,未知,无,请求失败
mitre.org,否,200,正常
cootlogix.com,否,404,正常
iqiyi.com,否,200,正常
unicef.org,是,403,正常
opera.technology,未知,无,请求失败
strava.com,否,200,正常
dnse3.com,未知,无,请求失败
science.org,是,403,正常
vtb.ru,否,200,正常
ed.gov,否,200,正常
unruly.co,是,403,正常
ign.com,否,200,正常
mindbox.ru,否,200,正常
bytedns3.com,未知,无,请求失败
weibo.cn,否,200,正常
mozilla.net,未知,无,请求失败
lnkd.in,是,200,正常
discomax.com,未知,无,请求失败
mozgcp.net,未知,无,请求失败
segment.com,否,200,正常
thesun.co.uk,否,200,正常
apple.news,否,200,正常
beeline.ru,否,200,正常
freebsd.org,否,200,正常
eyeota.net,未知,无,请求失败
bitrixphone.com,未知,无,请求失败
engadget.com,否,200,正常
adkernel.com,否,200,正常
